id_par,categoria,umbral,distancia,variante,split_a,clase_a,ruta_a,nombre_original_a,split_b,clase_b,ruta_b,nombre_original_b,lectura_visual,accion_propuesta
D001,clases distintas,estricto (<=6),0,0,train,Potato leaf early blight,raw/plantdoc/train/Potato leaf early blight/1421_0.jpeg_itok=FMtmgePj.jpg,1421_0.jpeg?itok=FMtmgePj.jpg,test,Potato leaf late blight,raw/plantdoc/test/Potato leaf late blight/1421_0.jpeg_itok=FMtmgePj.jpg,1421_0.jpeg?itok=FMtmgePj.jpg,misma foto (lectura visual en la grilla; a confirmar por el equipo),Etiquetas contradictorias: la etiqueta la decide el equipo. Regla: sacar de dev la copia de train; la copia de test no se toca (su etiqueta queda en revisión).
D002,clases distintas,estricto (<=6),0,0,train,Potato leaf early blight,raw/plantdoc/train/Potato leaf early blight/14321627273_58d893c3e2_potato-plant.jpg,14321627273_58d893c3e2_potato-plant.jpg,train,Potato leaf late blight,raw/plantdoc/train/Potato leaf late blight/14321627273_58d893c3e2_b.jpg,14321627273_58d893c3e2_b.jpg,misma foto (lectura visual en la grilla; a confirmar por el equipo),"Etiquetas contradictorias: la etiqueta la decide el equipo. Regla: sacar de dev ambas copias (no se elige etiqueta); si el equipo decide la etiqueta, se conserva una."
D003,clases distintas,estricto (<=6),0,0,train,Potato leaf early blight,raw/plantdoc/train/Potato leaf early blight/18028_1.jpg,18028_1.jpg,train,Potato leaf late blight,raw/plantdoc/train/Potato leaf late blight/24064_1.jpg,24064_1.jpg,misma foto (lectura visual en la grilla; a confirmar por el equipo),"Etiquetas contradictorias: la etiqueta la decide el equipo. Regla: sacar de dev ambas copias (no se elige etiqueta); si el equipo decide la etiqueta, se conserva una."
D004,clases distintas,estricto (<=6),0,0,train,Potato leaf early blight,raw/plantdoc/train/Potato leaf early blight/45035_1.jpg,45035_1.jpg,train,Potato leaf late blight,raw/plantdoc/train/Potato leaf late blight/Late+blight+on+potato.jpg,Late+blight+on+potato.jpg,misma foto (lectura visual en la grilla; a confirmar por el equipo),"Etiquetas contradictorias: la etiqueta la decide el equipo. Regla: sacar de dev ambas copias (no se elige etiqueta); si el equipo decide la etiqueta, se conserva una."
D005,clases distintas,estricto (<=6),0,0,train,Potato leaf early blight,raw/plantdoc/train/Potato leaf early blight/5816740026_d42ef24413_Phytophthora-Infestans.jpg,5816740026_d42ef24413_Phytophthora-Infestans.jpg,test,Potato leaf late blight,raw/plantdoc/test/Potato leaf late blight/5816740026_d42ef24413_Phytophthora-Infestans.jpg,5816740026_d42ef24413_Phytophthora-Infestans.jpg,misma foto (lectura visual en la grilla; a confirmar por el equipo),Etiquetas contradictorias: la etiqueta la decide el equipo. Regla: sacar de dev la copia de train; la copia de test no se toca (su etiqueta queda en revisión).
D006,clases distintas,estricto (<=6),0,0,train,Potato leaf early blight,raw/plantdoc/train/Potato leaf early blight/irish-blight-symptoms-on-potato-leaves-atmf8b.jpg,irish-blight-symptoms-on-potato-leaves-atmf8b.jpg,test,Potato leaf late blight,raw/plantdoc/test/Potato leaf late blight/irish-blight-symptoms-on-potato-leaves-atmf8b.jpg,irish-blight-symptoms-on-potato-leaves-atmf8b.jpg,misma foto (lectura visual en la grilla; a confirmar por el equipo),Etiquetas contradictorias: la etiqueta la decide el equipo. Regla: sacar de dev la copia de train; la copia de test no se toca (su etiqueta queda en revisión).
D007,clases distintas,estricto (<=6),0,0,train,Potato leaf late blight,raw/plantdoc/train/Potato leaf late blight/backus-056-potato-blight.jpg,backus-056-potato-blight.jpg,test,Potato leaf early blight,raw/plantdoc/test/Potato leaf early blight/backus-056-potato-blight.jpg,backus-056-potato-blight.jpg,misma foto (lectura visual en la grilla; a confirmar por el equipo),Etiquetas contradictorias: la etiqueta la decide el equipo. Regla: sacar de dev la copia de train; la copia de test no se toca (su etiqueta queda en revisión).
D008,clases distintas,estricto (<=6),0,0,train,Tomato Early blight leaf,raw/plantdoc/train/Tomato Early blight leaf/126689-004-D622CD2F.jpg,126689-004-D622CD2F.jpg,train,Potato leaf late blight,raw/plantdoc/train/Potato leaf late blight/Symptom_potato_late_blight.jpg,Symptom_potato_late_blight.jpg,misma foto (lectura visual en la grilla; a confirmar por el equipo),"Etiquetas contradictorias: la etiqueta la decide el equipo. Regla: sacar de dev ambas copias (no se elige etiqueta); si el equipo decide la etiqueta, se conserva una."
D009,clases distintas,estricto (<=6),0,0,train,Tomato Early blight leaf,raw/plantdoc/train/Tomato Early blight leaf/EBTomato.jpg,EBTomato.jpg,train,Potato leaf early blight,raw/plantdoc/train/Potato leaf early blight/36-early-blight-concentric-rings.jpg,36-early-blight-concentric-rings.jpg,misma foto (lectura visual en la grilla; a confirmar por el equipo),"Etiquetas contradictorias: la etiqueta la decide el equipo. Regla: sacar de dev ambas copias (no se elige etiqueta); si el equipo decide la etiqueta, se conserva una."
D010,clases distintas,estricto (<=6),0,0,train,Tomato Early blight leaf,raw/plantdoc/train/Tomato Early blight leaf/MPC105550.jpg.rendition.largest.ss.jpg,MPC105550.jpg.rendition.largest.ss.jpg,train,Tomato Septoria leaf spot,raw/plantdoc/train/Tomato Septoria leaf spot/MPC105550.jpg.rendition.largest.550.jpg,MPC105550.jpg.rendition.largest.550.jpg,misma foto (lectura visual en la grilla; a confirmar por el equipo),"Etiquetas contradictorias: la etiqueta la decide el equipo. Regla: sacar de dev ambas copias (no se elige etiqueta); si el equipo decide la etiqueta, se conserva una."
D011,clases distintas,estricto (<=6),0,0,train,Tomato Early blight leaf,raw/plantdoc/train/Tomato Early blight leaf/b54d0e40027ff5e90e8ba7e1e9abf9bd--garden-guide-garden-ideas.jpg,b54d0e40027ff5e90e8ba7e1e9abf9bd--garden-guide-garden-ideas.jpg,train,Tomato Septoria leaf spot,raw/plantdoc/train/Tomato Septoria leaf spot/b54d0e40027ff5e90e8ba7e1e9abf9bd.jpg,b54d0e40027ff5e90e8ba7e1e9abf9bd.jpg,misma foto (lectura visual en la grilla; a confirmar por el equipo),"Etiquetas contradictorias: la etiqueta la decide el equipo. Regla: sacar de dev ambas copias (no se elige etiqueta); si el equipo decide la etiqueta, se conserva una."
D012,clases distintas,estricto (<=6),0,0,train,Tomato Early blight leaf,raw/plantdoc/train/Tomato Early blight leaf/early-blight-closeup-sm.jpg,early-blight-closeup-sm.jpg,train,Potato leaf early blight,raw/plantdoc/train/Potato leaf early blight/early-blight-closeup-NCSU.jpg,early-blight-closeup-NCSU.jpg,misma foto (lectura visual en la grilla; a confirmar por el equipo),"Etiquetas contradictorias: la etiqueta la decide el equipo. Regla: sacar de dev ambas copias (no se elige etiqueta); si el equipo decide la etiqueta, se conserva una."
D013,clases distintas,estricto (<=6),0,0,train,Tomato Early blight leaf,raw/plantdoc/train/Tomato Early blight leaf/earlyblightpotato.jpg,earlyblightpotato.jpg,test,Potato leaf early blight,raw/plantdoc/test/Potato leaf early blight/earlyblightpotato.jpg,earlyblightpotato.jpg,misma foto (lectura visual en la grilla; a confirmar por el equipo),Etiquetas contradictorias: la etiqueta la decide el equipo. Regla: sacar de dev la copia de train; la copia de test no se toca (su etiqueta queda en revisión).
D014,clases distintas,estricto (<=6),0,0,train,Tomato Early blight leaf,raw/plantdoc/train/Tomato Early blight leaf/p1020084s.jpg,p1020084s.jpg,train,Tomato leaf late blight,raw/plantdoc/train/Tomato leaf late blight/tomato_late-blight_04_zoom.jpg,tomato_late-blight_04_zoom.jpg,misma foto (lectura visual en la grilla; a confirmar por el equipo),"Etiquetas contradictorias: la etiqueta la decide el equipo. Regla: sacar de dev ambas copias (no se elige etiqueta); si el equipo decide la etiqueta, se conserva una."
D015,clases distintas,estricto (<=6),0,0,train,Tomato Early blight leaf,raw/plantdoc/train/Tomato Early blight leaf/tomatoblight.jpg,tomatoblight.jpg,train,Potato leaf early blight,raw/plantdoc/train/Potato leaf early blight/36-early-blight-concentric-rings.jpg,36-early-blight-concentric-rings.jpg,misma foto (lectura visual en la grilla; a confirmar por el equipo),"Etiquetas contradictorias: la etiqueta la decide el equipo. Regla: sacar de dev ambas copias (no se elige etiqueta); si el equipo decide la etiqueta, se conserva una."
D016,clases distintas,estricto (<=6),0,0,train,Tomato Septoria leaf spot,raw/plantdoc/train/Tomato Septoria leaf spot/Sept9-300x225.jpg,Sept9-300x225.jpg,train,Tomato leaf bacterial spot,raw/plantdoc/train/Tomato leaf bacterial spot/FS547-4-big.jpg,FS547-4-big.jpg,misma foto (lectura visual en la grilla; a confirmar por el equipo),"Etiquetas contradictorias: la etiqueta la decide el equipo. Regla: sacar de dev ambas copias (no se elige etiqueta); si el equipo decide la etiqueta, se conserva una."
D017,clases distintas,estricto (<=6),0,0,train,Tomato Septoria leaf spot,raw/plantdoc/train/Tomato Septoria leaf spot/Tomato%20bacterial%20spot%20closeup-050S.JPG.jpg,Tomato%20bacterial%20spot%20closeup-050S.JPG.jpg,train,Tomato leaf bacterial spot,raw/plantdoc/train/Tomato leaf bacterial spot/RyBx7MH.jpg,RyBx7MH.jpg,misma foto (lectura visual en la grilla; a confirmar por el equipo),"Etiquetas contradictorias: la etiqueta la decide el equipo. Regla: sacar de dev ambas copias (no se elige etiqueta); si el equipo decide la etiqueta, se conserva una."
D018,clases distintas,estricto (<=6),0,0,train,Tomato Septoria leaf spot,raw/plantdoc/train/Tomato Septoria leaf spot/caf212ccf4696675469a0beaa9e57213.jpg,caf212ccf4696675469a0beaa9e57213.jpg,train,Potato leaf early blight,raw/plantdoc/train/Potato leaf early blight/IMG_9055.JPG.jpg,IMG_9055.JPG.jpg,misma foto (lectura visual en la grilla; a confirmar por el equipo),"Etiquetas contradictorias: la etiqueta la decide el equipo. Regla: sacar de dev ambas copias (no se elige etiqueta); si el equipo decide la etiqueta, se conserva una."
D019,clases distintas,estricto (<=6),0,0,train,Tomato Septoria leaf spot,raw/plantdoc/train/Tomato Septoria leaf spot/tomato_V8.jpg,tomato_V8.jpg,test,Tomato leaf bacterial spot,raw/plantdoc/test/Tomato leaf bacterial spot/tomato_V8.jpg,tomato_V8.jpg,misma foto (lectura visual en la grilla; a confirmar por el equipo),Etiquetas contradictorias: la etiqueta la decide el equipo. Regla: sacar de dev la copia de train; la copia de test no se toca (su etiqueta queda en revisión).
D020,clases distintas,estricto (<=6),0,0,train,Tomato leaf late blight,raw/plantdoc/train/Tomato leaf late blight/IMG_5813.jpg,IMG_5813.jpg,train,Potato leaf late blight,raw/plantdoc/train/Potato leaf late blight/IMG_5813-1024x768.jpg,IMG_5813-1024x768.jpg,misma foto (lectura visual en la grilla; a confirmar por el equipo),"Etiquetas contradictorias: la etiqueta la decide el equipo. Regla: sacar de dev ambas copias (no se elige etiqueta); si el equipo decide la etiqueta, se conserva una."
D021,clases distintas,estricto (<=6),0,0,train,Tomato leaf late blight,raw/plantdoc/train/Tomato leaf late blight/LBleaf2INIA_0.jpg,LBleaf2INIA_0.jpg,train,Potato leaf early blight,raw/plantdoc/train/Potato leaf early blight/Blght.jpg,Blght.jpg,misma foto (lectura visual en la grilla; a confirmar por el equipo),"Etiquetas contradictorias: la etiqueta la decide el equipo. Regla: sacar de dev ambas copias (no se elige etiqueta); si el equipo decide la etiqueta, se conserva una."
D022,clases distintas,estricto (<=6),0,0,train,Tomato leaf late blight,raw/plantdoc/train/Tomato leaf late blight/Pest2369.jpg,Pest2369.jpg,train,Potato leaf early blight,raw/plantdoc/train/Potato leaf early blight/Early-Blight-Leaves-56a348bf3df78cf7727cb35e.jpg,Early-Blight-Leaves-56a348bf3df78cf7727cb35e.jpg,misma foto (lectura visual en la grilla; a confirmar por el equipo),"Etiquetas contradictorias: la etiqueta la decide el equipo. Regla: sacar de dev ambas copias (no se elige etiqueta); si el equipo decide la etiqueta, se conserva una."
D023,clases distintas,estricto (<=6),0,0,train,Tomato leaf late blight,raw/plantdoc/train/Tomato leaf late blight/symptoms_of_late_blight_0.jpg,symptoms_of_late_blight_0.jpg,train,Potato leaf late blight,raw/plantdoc/train/Potato leaf late blight/Jessore-potato-late-blight-8-2h2fdkl.jpg,Jessore-potato-late-blight-8-2h2fdkl.jpg,misma foto (lectura visual en la grilla; a confirmar por el equipo),"Etiquetas contradictorias: la etiqueta la decide el equipo. Regla: sacar de dev ambas copias (no se elige etiqueta); si el equipo decide la etiqueta, se conserva una."
D024,clases distintas,estricto (<=6),0,0,train,Tomato leaf late blight,raw/plantdoc/train/Tomato leaf late blight/tomato-late-blight-foliar-lesions_Scot-Nelson_CC-BY-SA-2.0.jpg,tomato-late-blight-foliar-lesions_Scot-Nelson_CC-BY-SA-2.0.jpg,train,Potato leaf early blight,raw/plantdoc/train/Potato leaf early blight/5816740026_d42ef24413_Phytophthora-Infestans.jpg,5816740026_d42ef24413_Phytophthora-Infestans.jpg,misma foto (lectura visual en la grilla; a confirmar por el equipo),"Etiquetas contradictorias: la etiqueta la decide el equipo. Regla: sacar de dev ambas copias (no se elige etiqueta); si el equipo decide la etiqueta, se conserva una."
D025,clases distintas,estricto (<=6),0,0,train,Tomato leaf late blight,raw/plantdoc/train/Tomato leaf late blight/tomato-late-blight-foliar-lesions_Scot-Nelson_CC-BY-SA-2.0.jpg,tomato-late-blight-foliar-lesions_Scot-Nelson_CC-BY-SA-2.0.jpg,test,Potato leaf late blight,raw/plantdoc/test/Potato leaf late blight/5816740026_d42ef24413_Phytophthora-Infestans.jpg,5816740026_d42ef24413_Phytophthora-Infestans.jpg,misma foto (lectura visual en la grilla; a confirmar por el equipo),Etiquetas contradictorias: la etiqueta la decide el equipo. Regla: sacar de dev la copia de train; la copia de test no se toca (su etiqueta queda en revisión).
D026,clases distintas,estricto (<=6),0,0,train,Tomato leaf yellow virus,raw/plantdoc/train/Tomato leaf yellow virus/tomato-yellow-leaf-curl-disease.jpg,tomato-yellow-leaf-curl-disease.jpg,train,Tomato mold leaf,raw/plantdoc/train/Tomato mold leaf/tylc.jpg,tylc.jpg,misma foto (lectura visual en la grilla; a confirmar por el equipo),"Etiquetas contradictorias: la etiqueta la decide el equipo. Regla: sacar de dev ambas copias (no se elige etiqueta); si el equipo decide la etiqueta, se conserva una."
D027,clases distintas,estricto (<=6),2,0,train,Tomato Early blight leaf,raw/plantdoc/train/Tomato Early blight leaf/Early_Blight_of_Tomato1687.jpg,Early_Blight_of_Tomato1687.jpg,train,Potato leaf early blight,raw/plantdoc/train/Potato leaf early blight/2OBH_29_Gardening_early_blight.jpg,2OBH_29_Gardening_early_blight.jpg,misma foto (lectura visual en la grilla; a confirmar por el equipo),"Etiquetas contradictorias: la etiqueta la decide el equipo. Regla: sacar de dev ambas copias (no se elige etiqueta); si el equipo decide la etiqueta, se conserva una."
D028,clases distintas,estricto (<=6),2,0,train,Tomato Septoria leaf spot,raw/plantdoc/train/Tomato Septoria leaf spot/tomato-blight-treatment-blight.jpg,tomato-blight-treatment-blight.jpg,train,Bell_pepper leaf spot,raw/plantdoc/train/Bell_pepper leaf spot/Septoria-leaf-spot.jpg,Septoria-leaf-spot.jpg,misma foto (lectura visual en la grilla; a confirmar por el equipo),"Etiquetas contradictorias: la etiqueta la decide el equipo. Regla: sacar de dev ambas copias (no se elige etiqueta); si el equipo decide la etiqueta, se conserva una."
D029,clases distintas,estricto (<=6),2,0,train,Tomato leaf late blight,raw/plantdoc/train/Tomato leaf late blight/a7710b5901ba1f8e9759ef7576cd9f09.jpg,a7710b5901ba1f8e9759ef7576cd9f09.jpg,train,Potato leaf early blight,raw/plantdoc/train/Potato leaf early blight/backus-045-potato-blight.jpg,backus-045-potato-blight.jpg,misma foto (lectura visual en la grilla; a confirmar por el equipo),"Etiquetas contradictorias: la etiqueta la decide el equipo. Regla: sacar de dev ambas copias (no se elige etiqueta); si el equipo decide la etiqueta, se conserva una."
D030,clases distintas,estricto (<=6),2,0,train,Tomato leaf mosaic virus,raw/plantdoc/train/Tomato leaf mosaic virus/ab40cce958c60d8b6e0ec2e4fdb8f526.jpg,ab40cce958c60d8b6e0ec2e4fdb8f526.jpg,train,Tomato leaf yellow virus,raw/plantdoc/train/Tomato leaf yellow virus/Tomato2.jpg,Tomato2.jpg,misma foto (lectura visual en la grilla; a confirmar por el equipo),"Etiquetas contradictorias: la etiqueta la decide el equipo. Regla: sacar de dev ambas copias (no se elige etiqueta); si el equipo decide la etiqueta, se conserva una."
D031,clases distintas,estricto (<=6),6,2,train,Potato leaf early blight,raw/plantdoc/train/Potato leaf early blight/2643371-version%3D1.0%26t%3D1260361493000.jpg,2643371-version%3D1.0%26t%3D1260361493000.jpg,train,Potato leaf late blight,raw/plantdoc/train/Potato leaf late blight/LateBlight03.jpg,LateBlight03.jpg,no parece la misma foto (falso positivo probable),"Etiquetas contradictorias: la etiqueta la decide el equipo. Regla: sacar de dev ambas copias (no se elige etiqueta); si el equipo decide la etiqueta, se conserva una."
D032,clases distintas,estricto (<=6),6,0,train,Potato leaf early blight,raw/plantdoc/train/Potato leaf early blight/potato-blight-phytophora-infestans-close-up-of-infected-leaf-top-surface-a60hxg.jpg,potato-blight-phytophora-infestans-close-up-of-infected-leaf-top-surface-a60hxg.jpg,train,Potato leaf late blight,raw/plantdoc/train/Potato leaf late blight/potato-blight-phytophora-infestans-close-up-of-infected-leaf-top-surface-A60HXG.jpg,potato-blight-phytophora-infestans-close-up-of-infected-leaf-top-surface-A60HXG.jpg,misma foto (lectura visual en la grilla; a confirmar por el equipo),"Etiquetas contradictorias: la etiqueta la decide el equipo. Regla: sacar de dev ambas copias (no se elige etiqueta); si el equipo decide la etiqueta, se conserva una."
D033,clases distintas,exploratorio (7-10),8,0,train,Tomato Early blight leaf,raw/plantdoc/train/Tomato Early blight leaf/early-blight-or-target-spot-alternaria-solani-lesions-on-a-tomato-BY9J8R.jpg,early-blight-or-target-spot-alternaria-solani-lesions-on-a-tomato-BY9J8R.jpg,train,Potato leaf early blight,raw/plantdoc/train/Potato leaf early blight/early-blight-or-target-spot-alternaria-solani-lesions-on-a-tomato-by9j8r.jpg,early-blight-or-target-spot-alternaria-solani-lesions-on-a-tomato-by9j8r.jpg,no revisado uno por uno (rango exploratorio),"Sin acción propuesta: rango exploratorio, revisar a ojo antes de cualquier acción."
D034,misma clase train↔test,estricto (<=6),0,0,train,Tomato Septoria leaf spot,raw/plantdoc/train/Tomato Septoria leaf spot/early-blight-septoria-ls-fig-3.jpg,early-blight-septoria-ls-fig-3.jpg,test,Tomato Septoria leaf spot,raw/plantdoc/test/Tomato Septoria leaf spot/early-blight-septoria-ls-fig-3.jpg,early-blight-septoria-ls-fig-3.jpg,misma foto (lectura visual en la grilla; a confirmar por el equipo),Sacar de dev: raw/plantdoc/train/Tomato Septoria leaf spot/early-blight-septoria-ls-fig-3.jpg
D035,misma clase train↔test,estricto (<=6),0,0,train,Tomato leaf bacterial spot,raw/plantdoc/train/Tomato leaf bacterial spot/bacterial-canker3x2400-2ia1kgd.jpg,bacterial-canker3x2400-2ia1kgd.jpg,test,Tomato leaf bacterial spot,raw/plantdoc/test/Tomato leaf bacterial spot/07.17.18-Common_Tomato_Diseases_Canker-258x300.jpg,07.17.18-Common_Tomato_Diseases_Canker-258x300.jpg,misma foto (lectura visual en la grilla; a confirmar por el equipo),Sacar de dev: raw/plantdoc/train/Tomato leaf bacterial spot/bacterial-canker3x2400-2ia1kgd.jpg
D036,misma clase train↔test,estricto (<=6),0,0,train,Tomato leaf late blight,raw/plantdoc/train/Tomato leaf late blight/late_blight1.jpg,late_blight1.jpg,test,Tomato leaf late blight,raw/plantdoc/test/Tomato leaf late blight/18c.jpg,18c.jpg,misma foto (lectura visual en la grilla; a confirmar por el equipo),Sacar de dev: raw/plantdoc/train/Tomato leaf late blight/late_blight1.jpg
D037,misma clase train↔test,estricto (<=6),0,0,train,Tomato leaf yellow virus,raw/plantdoc/train/Tomato leaf yellow virus/tylcv-seminar-1-638.jpg,tylcv-seminar-1-638.jpg,test,Tomato leaf yellow virus,raw/plantdoc/test/Tomato leaf yellow virus/tylcv-seminar-1-638.jpg,tylcv-seminar-1-638.jpg,misma foto (lectura visual en la grilla; a confirmar por el equipo),Sacar de dev: raw/plantdoc/train/Tomato leaf yellow virus/tylcv-seminar-1-638.jpg
D038,misma clase train↔test,estricto (<=6),2,4,train,Potato leaf early blight,raw/plantdoc/train/Potato leaf early blight/early-blight-alternaria-alternata-leaf-spotting-on-potato-leaf-ACG5WF.jpg,early-blight-alternaria-alternata-leaf-spotting-on-potato-leaf-ACG5WF.jpg,test,Potato leaf early blight,raw/plantdoc/test/Potato leaf early blight/early-blight-alternaria-alternata-leaf-spotting-on-potato-leaf-X91XJE.jpg,early-blight-alternaria-alternata-leaf-spotting-on-potato-leaf-X91XJE.jpg,misma foto (lectura visual en la grilla; a confirmar por el equipo),Sacar de dev: raw/plantdoc/train/Potato leaf early blight/early-blight-alternaria-alternata-leaf-spotting-on-potato-leaf-ACG5WF.jpg
D039,misma clase train↔test,estricto (<=6),2,4,train,Potato leaf early blight,raw/plantdoc/train/Potato leaf early blight/potato-early-blight-alternaria-alternata-lesion-on-a-potato-leaf-X96EFD.jpg,potato-early-blight-alternaria-alternata-lesion-on-a-potato-leaf-X96EFD.jpg,test,Potato leaf early blight,raw/plantdoc/test/Potato leaf early blight/potato-early-blight-alternaria-alternata-lesion-on-a-potato-leaf-a1w1em.jpg,potato-early-blight-alternaria-alternata-lesion-on-a-potato-leaf-a1w1em.jpg,misma foto (lectura visual en la grilla; a confirmar por el equipo),Sacar de dev: raw/plantdoc/train/Potato leaf early blight/potato-early-blight-alternaria-alternata-lesion-on-a-potato-leaf-X96EFD.jpg
D040,misma clase train↔train,estricto (<=6),0,0,train,Bell_pepper leaf spot,raw/plantdoc/train/Bell_pepper leaf spot/green-pepper-plant-diseases-bacterial-spot-on-pepper-plant-green-pepper-plant-diseases-photos.jpg,green-pepper-plant-diseases-bacterial-spot-on-pepper-plant-green-pepper-plant-diseases-photos.jpg,train,Bell_pepper leaf spot,raw/plantdoc/train/Bell_pepper leaf spot/peppers_bacterial_spot_zoom.jpg,peppers_bacterial_spot_zoom.jpg,misma foto (lectura visual en la grilla; a confirmar por el equipo),Sacar de dev: raw/plantdoc/train/Bell_pepper leaf spot/peppers_bacterial_spot_zoom.jpg
D041,misma clase train↔train,estricto (<=6),0,0,train,Bell_pepper leaf spot,raw/plantdoc/train/Bell_pepper leaf spot/image_1500x1500%253E.jpeg_1467983528.jpg,image_1500x1500%253E.jpeg?1467983528.jpg,train,Bell_pepper leaf spot,raw/plantdoc/train/Bell_pepper leaf spot/image_original.jpeg_1472603886.jpg,image_original.jpeg?1472603886.jpg,misma foto (lectura visual en la grilla; a confirmar por el equipo),Sacar de dev: raw/plantdoc/train/Bell_pepper leaf spot/image_original.jpeg_1472603886.jpg
D042,misma clase train↔train,estricto (<=6),0,0,train,Bell_pepper leaf spot,raw/plantdoc/train/Bell_pepper leaf spot/image_1500x1500%253E.jpeg_1472603885.jpg,image_1500x1500%253E.jpeg?1472603885.jpg,train,Bell_pepper leaf spot,raw/plantdoc/train/Bell_pepper leaf spot/image_original.jpeg_1472603885.jpg,image_original.jpeg?1472603885.jpg,misma foto (lectura visual en la grilla; a confirmar por el equipo),Sacar de dev: raw/plantdoc/train/Bell_pepper leaf spot/image_original.jpeg_1472603885.jpg
D043,misma clase train↔train,estricto (<=6),0,0,train,Potato leaf late blight,raw/plantdoc/train/Potato leaf late blight/LB_potato_leaf_topside.jpg,LB_potato_leaf_topside.jpg,train,Potato leaf late blight,raw/plantdoc/train/Potato leaf late blight/PotatoLateBlight2.jpg,PotatoLateBlight2.jpg,misma foto (lectura visual en la grilla; a confirmar por el equipo),Sacar de dev: raw/plantdoc/train/Potato leaf late blight/PotatoLateBlight2.jpg
D044,misma clase train↔train,estricto (<=6),0,0,train,Potato leaf late blight,raw/plantdoc/train/Potato leaf late blight/b3a52d4eda0deedc34260c4dee847a5b.jpg,b3a52d4eda0deedc34260c4dee847a5b.jpg,train,Potato leaf late blight,raw/plantdoc/train/Potato leaf late blight/early_blight.jpg,early_blight.jpg,misma foto (lectura visual en la grilla; a confirmar por el equipo),Sacar de dev: raw/plantdoc/train/Potato leaf late blight/early_blight.jpg
D045,misma clase train↔train,estricto (<=6),0,0,train,Tomato Early blight leaf,raw/plantdoc/train/Tomato Early blight leaf/EBTomato.jpg,EBTomato.jpg,train,Tomato Early blight leaf,raw/plantdoc/train/Tomato Early blight leaf/tomatoblight.jpg,tomatoblight.jpg,misma foto (lectura visual en la grilla; a confirmar por el equipo),Sacar de dev: raw/plantdoc/train/Tomato Early blight leaf/EBTomato.jpg | raw/plantdoc/train/Tomato Early blight leaf/tomatoblight.jpg
D046,misma clase train↔train,estricto (<=6),0,0,train,Tomato Early blight leaf,raw/plantdoc/train/Tomato Early blight leaf/Early-bligh_t.jpg,Early-bligh_t.jpg,train,Tomato Early blight leaf,raw/plantdoc/train/Tomato Early blight leaf/Early-blight.jpg,Early-blight.jpg,misma foto (lectura visual en la grilla; a confirmar por el equipo),Sacar de dev: raw/plantdoc/train/Tomato Early blight leaf/Early-blight.jpg
D047,misma clase train↔train,estricto (<=6),0,0,train,Tomato Septoria leaf spot,raw/plantdoc/train/Tomato Septoria leaf spot/5c77186a4ea326e5495c9d03cd89ce16.jpg,5c77186a4ea326e5495c9d03cd89ce16.jpg,train,Tomato Septoria leaf spot,raw/plantdoc/train/Tomato Septoria leaf spot/eb56b488e349c2de423ab6afbcc4bd5b.jpg,eb56b488e349c2de423ab6afbcc4bd5b.jpg,misma foto (lectura visual en la grilla; a confirmar por el equipo),Sacar de dev: raw/plantdoc/train/Tomato Septoria leaf spot/eb56b488e349c2de423ab6afbcc4bd5b.jpg
D048,misma clase train↔train,estricto (<=6),0,0,train,Tomato Septoria leaf spot,raw/plantdoc/train/Tomato Septoria leaf spot/gray-leaf-spot.jpg,gray-leaf-spot.jpg,train,Tomato Septoria leaf spot,raw/plantdoc/train/Tomato Septoria leaf spot/xgray-leaf-spot.jpg.pagespeed.ic.ltF8KfKtQ1.jpg,xgray-leaf-spot.jpg.pagespeed.ic.ltF8KfKtQ1.jpg,misma foto (lectura visual en la grilla; a confirmar por el equipo),Sacar de dev: raw/plantdoc/train/Tomato Septoria leaf spot/xgray-leaf-spot.jpg.pagespeed.ic.ltF8KfKtQ1.jpg
D049,misma clase train↔train,estricto (<=6),0,0,train,Tomato Septoria leaf spot,raw/plantdoc/train/Tomato Septoria leaf spot/tomato-septoria-3-500x384.jpg,tomato-septoria-3-500x384.jpg,train,Tomato Septoria leaf spot,raw/plantdoc/train/Tomato Septoria leaf spot/tomato-septoria-3.jpg,tomato-septoria-3.jpg,misma foto (lectura visual en la grilla; a confirmar por el equipo),Sacar de dev: raw/plantdoc/train/Tomato Septoria leaf spot/tomato-septoria-3.jpg
D050,misma clase train↔train,estricto (<=6),0,0,train,Tomato Septoria leaf spot,raw/plantdoc/train/Tomato Septoria leaf spot/tomato-septoria-5-500x384.jpg,tomato-septoria-5-500x384.jpg,train,Tomato Septoria leaf spot,raw/plantdoc/train/Tomato Septoria leaf spot/tomato-septoria-5.jpg,tomato-septoria-5.jpg,misma foto (lectura visual en la grilla; a confirmar por el equipo),Sacar de dev: raw/plantdoc/train/Tomato Septoria leaf spot/tomato-septoria-5.jpg
D051,misma clase train↔train,estricto (<=6),0,0,train,Tomato leaf bacterial spot,raw/plantdoc/train/Tomato leaf bacterial spot/BCH%20medium%20thumbnail%20for%20upload%20%2814%29.jpg,BCH%20medium%20thumbnail%20for%20upload%20%2814%29.jpg,train,Tomato leaf bacterial spot,raw/plantdoc/train/Tomato leaf bacterial spot/BCH%20small%20thumbnail%20for%20upload%20%2814%29.jpg,BCH%20small%20thumbnail%20for%20upload%20%2814%29.jpg,misma foto (lectura visual en la grilla; a confirmar por el equipo),Sacar de dev: raw/plantdoc/train/Tomato leaf bacterial spot/BCH%20small%20thumbnail%20for%20upload%20%2814%29.jpg
D052,misma clase train↔train,estricto (<=6),0,1,train,Tomato leaf bacterial spot,raw/plantdoc/train/Tomato leaf bacterial spot/bacterialspottomato2.jpg,bacterialspottomato2.jpg,train,Tomato leaf bacterial spot,raw/plantdoc/train/Tomato leaf bacterial spot/Figure-1-6.jpg,Figure-1-6.jpg,misma foto (lectura visual en la grilla; a confirmar por el equipo),Sacar de dev: raw/plantdoc/train/Tomato leaf bacterial spot/bacterialspottomato2.jpg
D053,misma clase train↔train,estricto (<=6),0,0,train,Tomato leaf late blight,raw/plantdoc/train/Tomato leaf late blight/20150619d.jpg,20150619d.jpg,train,Tomato leaf late blight,raw/plantdoc/train/Tomato leaf late blight/IMG_5360.jpg,IMG_5360.jpg,misma foto (lectura visual en la grilla; a confirmar por el equipo),Sacar de dev: raw/plantdoc/train/Tomato leaf late blight/IMG_5360.jpg
D054,misma clase train↔train,estricto (<=6),0,0,train,Tomato leaf late blight,raw/plantdoc/train/Tomato leaf late blight/924977LateBlightLeaf.jpg,924977LateBlightLeaf.jpg,train,Tomato leaf late blight,raw/plantdoc/train/Tomato leaf late blight/LateBlightLeaf.jpg,LateBlightLeaf.jpg,misma foto (lectura visual en la grilla; a confirmar por el equipo),Sacar de dev: raw/plantdoc/train/Tomato leaf late blight/LateBlightLeaf.jpg
D055,misma clase train↔train,estricto (<=6),0,0,train,Tomato leaf late blight,raw/plantdoc/train/Tomato leaf late blight/symptoms_of_late_blight.jpg2__0.jpg,symptoms_of_late_blight.jpg2__0.jpg,train,Tomato leaf late blight,raw/plantdoc/train/Tomato leaf late blight/TomatoLateBlight-3-Underside-2ebj05b-300x225.jpg,TomatoLateBlight-3-Underside-2ebj05b-300x225.jpg,misma foto (lectura visual en la grilla; a confirmar por el equipo),Sacar de dev: raw/plantdoc/train/Tomato leaf late blight/symptoms_of_late_blight.jpg2__0.jpg
D056,misma clase train↔train,estricto (<=6),2,0,train,Tomato Septoria leaf spot,raw/plantdoc/train/Tomato Septoria leaf spot/Septoria-Tomato.jpg,Septoria-Tomato.jpg,train,Tomato Septoria leaf spot,raw/plantdoc/train/Tomato Septoria leaf spot/tomatofactsheet.png.png,tomatofactsheet.png.png,misma foto (lectura visual en la grilla; a confirmar por el equipo),Sacar de dev: raw/plantdoc/train/Tomato Septoria leaf spot/tomatofactsheet.png.png
D057,misma clase train↔train,estricto (<=6),2,0,train,Tomato leaf yellow virus,raw/plantdoc/train/Tomato leaf yellow virus/tomato-plant-virus-tomato-yellow-leaf-curl-virus-tomato-plant-disease-mosaic-virus.jpg,tomato-plant-virus-tomato-yellow-leaf-curl-virus-tomato-plant-disease-mosaic-virus.jpg,train,Tomato leaf yellow virus,raw/plantdoc/train/Tomato leaf yellow virus/TYLCVDFerrinlr.jpg,TYLCVDFerrinlr.jpg,misma foto (lectura visual en la grilla; a confirmar por el equipo),Sacar de dev: raw/plantdoc/train/Tomato leaf yellow virus/tomato-plant-virus-tomato-yellow-leaf-curl-virus-tomato-plant-disease-mosaic-virus.jpg
D058,misma clase train↔train,estricto (<=6),4,0,train,Tomato Early blight leaf,raw/plantdoc/train/Tomato Early blight leaf/3606630.jpg,3606630.jpg,train,Tomato Early blight leaf,raw/plantdoc/train/Tomato Early blight leaf/early-blight-pp-labeled_orig.jpg,early-blight-pp-labeled_orig.jpg,misma foto (lectura visual en la grilla; a confirmar por el equipo),Sacar de dev: raw/plantdoc/train/Tomato Early blight leaf/early-blight-pp-labeled_orig.jpg
D059,misma clase train↔train,estricto (<=6),4,0,train,Tomato Early blight leaf,raw/plantdoc/train/Tomato Early blight leaf/confused-bacterial-canker-early-blight-zoom.JPG.jpg,confused-bacterial-canker-early-blight-zoom.JPG.jpg,train,Tomato Early blight leaf,raw/plantdoc/train/Tomato Early blight leaf/tomato_D2b-Early-blight---RPitblado_zoom.jpg,tomato_D2b-Early-blight---RPitblado_zoom.jpg,misma foto (lectura visual en la grilla; a confirmar por el equipo),Sacar de dev: raw/plantdoc/train/Tomato Early blight leaf/tomato_D2b-Early-blight---RPitblado_zoom.jpg
D060,misma clase train↔train,estricto (<=6),6,4,train,Potato leaf late blight,raw/plantdoc/train/Potato leaf late blight/potato-late-blight-phytophthora-infestans-lesions-on-potato-foliage-a1w19k.jpg,potato-late-blight-phytophthora-infestans-lesions-on-potato-foliage-a1w19k.jpg,train,Potato leaf late blight,raw/plantdoc/train/Potato leaf late blight/potato-late-blight-phytophthora-infestans-lesions-on-potato-foliage-X4XJF4.jpg,potato-late-blight-phytophthora-infestans-lesions-on-potato-foliage-X4XJF4.jpg,misma foto (lectura visual en la grilla; a confirmar por el equipo),Sacar de dev: raw/plantdoc/train/Potato leaf late blight/potato-late-blight-phytophthora-infestans-lesions-on-potato-foliage-a1w19k.jpg
D061,misma clase train↔train,estricto (<=6),6,0,train,Tomato leaf bacterial spot,raw/plantdoc/train/Tomato leaf bacterial spot/bact-spot-leaf-big.jpg,bact-spot-leaf-big.jpg,train,Tomato leaf bacterial spot,raw/plantdoc/train/Tomato leaf bacterial spot/TomatoBacterialSpot2.jpg,TomatoBacterialSpot2.jpg,misma foto (lectura visual en la grilla; a confirmar por el equipo),Sacar de dev: raw/plantdoc/train/Tomato leaf bacterial spot/bact-spot-leaf-big.jpg
D062,misma clase train↔train,estricto (<=6),6,3,train,Tomato leaf late blight,raw/plantdoc/train/Tomato leaf late blight/LateBlight-Leaflet-Large-Spot_9005-ROTATED-sbzntn.jpg,LateBlight-Leaflet-Large-Spot_9005-ROTATED-sbzntn.jpg,train,Tomato leaf late blight,raw/plantdoc/train/Tomato leaf late blight/Tomato-late-blight-leaf-Margaret-McGrath-Cornell-Bugwood.jpg,Tomato-late-blight-leaf-Margaret-McGrath-Cornell-Bugwood.jpg,"dudoso: misma lesión con otro recorte, o dos fotos",Sacar de dev: raw/plantdoc/train/Tomato leaf late blight/Tomato-late-blight-leaf-Margaret-McGrath-Cornell-Bugwood.jpg
D063,misma clase train↔train,exploratorio (7-10),10,4,train,Potato leaf early blight,raw/plantdoc/train/Potato leaf early blight/80109626.jpg,80109626.jpg,train,Potato leaf early blight,raw/plantdoc/train/Potato leaf early blight/potato-early-blight-alternaria-alternata-lesions-on-potato-leaf-XDF64E.jpg,potato-early-blight-alternaria-alternata-lesions-on-potato-leaf-XDF64E.jpg,no revisado uno por uno (rango exploratorio),"Sin acción propuesta: rango exploratorio, revisar a ojo antes de cualquier acción."
D064,misma clase train↔train,exploratorio (7-10),10,2,train,Potato leaf late blight,raw/plantdoc/train/Potato leaf late blight/B2650062-Potato_late_blight-SPL.jpg,B2650062-Potato_late_blight-SPL.jpg,train,Potato leaf late blight,raw/plantdoc/train/Potato leaf late blight/potato-late-blight-phytophthora-infestans-necrotic-disease-lesions-B7DEW3.jpg,potato-late-blight-phytophthora-infestans-necrotic-disease-lesions-B7DEW3.jpg,no revisado uno por uno (rango exploratorio),"Sin acción propuesta: rango exploratorio, revisar a ojo antes de cualquier acción."
