id,split,ruta,revisor_1,revisor_2,motivo
BP-001,train,raw/plantdoc/train/Bell_pepper leaf/Bell-pepper-plant.JPG.jpg,,,
BP-002,test,raw/plantdoc/test/Bell_pepper leaf/GREEN%20BELL%20PLANT%20YELLOW%20LEAF.JPG.jpg,,,
BP-003,train,raw/plantdoc/train/Bell_pepper leaf/2477703364_0c94646b48.jpg,,,
BP-004,train,raw/plantdoc/train/Bell_pepper leaf/uGz0O.jpg,,,
BP-005,train,raw/plantdoc/train/Bell_pepper leaf/DSCN0652.jpg,,,
BP-006,train,raw/plantdoc/train/Bell_pepper leaf/Seminis-Turnpike-Bell-Pepper-1024x756.jpg,,,
BP-007,train,raw/plantdoc/train/Bell_pepper leaf/v9hX3.jpg,,,
BP-008,test,raw/plantdoc/test/Bell_pepper leaf/10148582-green-leaf-of-pepper.jpg,,,
BP-009,train,raw/plantdoc/train/Bell_pepper leaf/DSCN3768.JPG.jpg,,,
BP-010,train,raw/plantdoc/train/Bell_pepper leaf/leaves11.jpg,,,
BP-011,train,raw/plantdoc/train/Bell_pepper leaf/zT5la.jpg,,,
BP-012,train,raw/plantdoc/train/Bell_pepper leaf/IMG_3891.JPG_1492073147.jpg,,,
BP-013,train,raw/plantdoc/train/Bell_pepper leaf/october-bell-peppers.jpg,,,
BP-014,train,raw/plantdoc/train/Bell_pepper leaf/pepper+leaves.JPG.jpg,,,
BP-015,train,raw/plantdoc/train/Bell_pepper leaf/stock-photo-closeup-of-underside-of-bell-pepper-leaf-isolated-on-white-background-114184570.jpg,,,
BP-016,test,raw/plantdoc/test/Bell_pepper leaf/RnGnC.jpg,,,
BP-017,train,raw/plantdoc/train/Bell_pepper leaf/387502.jpg,,,
BP-018,train,raw/plantdoc/train/Bell_pepper leaf/Bell-pepper-leaves.jpg,,,
BP-019,train,raw/plantdoc/train/Bell_pepper leaf/CMZEb.jpg,,,
BP-020,train,raw/plantdoc/train/Bell_pepper leaf/leaves.jpg,,,
BP-021,test,raw/plantdoc/test/Bell_pepper leaf/e33155.jpg,,,
BP-022,train,raw/plantdoc/train/Bell_pepper leaf/white-pepper-plant-white-pepper-plant-piper-black-pepper-white-bell-pepper-plants-for-sale-pepper-plant-has-white-leaves.jpg,,,
BP-023,train,raw/plantdoc/train/Bell_pepper leaf/e8199bb0e4a7edf94351ca07a5aadc06.jpg,,,
BP-024,train,raw/plantdoc/train/Bell_pepper leaf/stock-photo-black-pepper-plant-with-green-berries-and-leaves-555241408.jpg,,,
BP-025,train,raw/plantdoc/train/Bell_pepper leaf/004-10.jpg,,,
BP-026,test,raw/plantdoc/test/Bell_pepper leaf/pepper_leaf.jpg,,,
BP-027,test,raw/plantdoc/test/Bell_pepper leaf/4825902504_5fa80b65b8_z.jpg,,,
BP-028,train,raw/plantdoc/train/Bell_pepper leaf/seeding-peppers-a-1024x768.jpg,,,
BP-029,train,raw/plantdoc/train/Bell_pepper leaf/shutterstock_443115826.jpg,,,
BP-030,test,raw/plantdoc/test/Bell_pepper leaf/why-are-my-pepper-plants-yellow-yellow-pepper-plants-yellow-leaves-green-veins-pepper-plants-yellow-veins.jpg,,,
BP-031,train,raw/plantdoc/train/Bell_pepper leaf/pepper-plant-leaves-green-bell-pepper-seedlings-growing-in-dark-brown-soil-in-the-sunshine-with-a-white-my-pepper-plant-leaves-are-being-eaten.jpg,,,
BP-032,train,raw/plantdoc/train/Bell_pepper leaf/bb2581.jpg,,,
BP-033,train,raw/plantdoc/train/Bell_pepper leaf/M7JV1.jpg,,,
BP-034,train,raw/plantdoc/train/Bell_pepper leaf/5493139683d035a18fd0dfa12893f38b--outdoor-decor-worms.jpg,,,
BP-035,train,raw/plantdoc/train/Bell_pepper leaf/virus1_600px.jpg,,,
BP-036,train,raw/plantdoc/train/Bell_pepper leaf/007.JPG.jpg,,,
BP-037,train,raw/plantdoc/train/Bell_pepper leaf/bell%20pepper%20rain%20590x330.jpg,,,
BP-038,train,raw/plantdoc/train/Bell_pepper leaf/image_1500x1500%253E.jpeg_1472959493.jpg,,,
BP-039,train,raw/plantdoc/train/Bell_pepper leaf/xKh6iInh.jpg,,,
BP-040,train,raw/plantdoc/train/Bell_pepper leaf/0f3sA.jpg,,,
BP-041,train,raw/plantdoc/train/Bell_pepper leaf/ee4ab32985e0f26d556ab9d6ac7d0a35.jpg,,,
BP-042,train,raw/plantdoc/train/Bell_pepper leaf/DSCN5835_original.JPG_1472909566.jpg,,,
BP-043,train,raw/plantdoc/train/Bell_pepper leaf/file.php_id=18598&t=1.jpg,,,
BP-044,train,raw/plantdoc/train/Bell_pepper leaf/14ec45.jpg,,,
BP-045,train,raw/plantdoc/train/Bell_pepper leaf/28a593.jpg,,,
BP-046,train,raw/plantdoc/train/Bell_pepper leaf/green-pepper-leaf-parks-3302644.jpg,,,
BP-047,train,raw/plantdoc/train/Bell_pepper leaf/yellow-leaves-on-pepper-plant-green-bell-plant-yellow-leaf-yellow-curling-leaves-on-pepper-plants.jpg,,,
BP-048,train,raw/plantdoc/train/Bell_pepper leaf/img_2509_b.jpg,,,
BP-049,train,raw/plantdoc/train/Bell_pepper leaf/P4190299aS.jpg,,,
BP-050,train,raw/plantdoc/train/Bell_pepper leaf/dscf1776.jpg,,,
BP-051,train,raw/plantdoc/train/Bell_pepper leaf/DSC04477.JPG.jpg,,,
BP-052,train,raw/plantdoc/train/Bell_pepper leaf/pepper.jpg,,,
BP-053,train,raw/plantdoc/train/Bell_pepper leaf/tomato_bell_pepper_garden_pt3-03.jpg,,,
BP-054,train,raw/plantdoc/train/Bell_pepper leaf/b085c28357a5f7839c2dcf582acc9e52.jpg,,,
BP-055,train,raw/plantdoc/train/Bell_pepper leaf/IMG_1495.JPG.jpg,,,
BP-056,train,raw/plantdoc/train/Bell_pepper leaf/green-pepper-leaves-11364990.jpg,,,
BP-057,train,raw/plantdoc/train/Bell_pepper leaf/fotolia_4311376_XS.jpg,,,
BP-058,train,raw/plantdoc/train/Bell_pepper leaf/951d30.jpg,,,
BP-059,train,raw/plantdoc/train/Bell_pepper leaf/IMG_2855-1.jpg,,,
BP-060,train,raw/plantdoc/train/Bell_pepper leaf/ac9201ad84e0987e6fdd2589258d72fd.jpg,,,
BP-061,test,raw/plantdoc/test/Bell_pepper leaf/IMG_1629.JPG_1507122477.jpg,,,
TL-001,train,raw/plantdoc/train/Tomato leaf/late_blight_tomato_leaf4x1200.jpg,,,
TL-002,train,raw/plantdoc/train/Tomato leaf/stock-photo-tomato-leaf-isolated-on-white-background-580281301.jpg,,,
TL-003,train,raw/plantdoc/train/Tomato leaf/happier-inside.jpg,,,
TL-004,train,raw/plantdoc/train/Tomato leaf/DSCN1016.JPG.jpg,,,
TL-005,test,raw/plantdoc/test/Tomato leaf/Tomato59.JPG.jpg,,,
TL-006,train,raw/plantdoc/train/Tomato leaf/Basil%2Binfected%2Bby%2BTomato%2BSpotted%2BWilt%2BVirus.jpg,,,
TL-007,train,raw/plantdoc/train/Tomato leaf/IMG_3192.JPG.jpg,,,
TL-008,train,raw/plantdoc/train/Tomato leaf/17371378-tomato-leaf.jpg,,,
TL-009,train,raw/plantdoc/train/Tomato leaf/IMG_3011.jpg,,,
TL-010,train,raw/plantdoc/train/Tomato leaf/2015-09-17-01.jpg,,,
TL-011,test,raw/plantdoc/test/Tomato leaf/IMG_1246.jpg,,,
TL-012,test,raw/plantdoc/test/Tomato leaf/Tomato_leaf.jpg,,,
TL-013,train,raw/plantdoc/train/Tomato leaf/9bfac1dea7f401e3b379dab33f535bb4.jpg,,,
TL-014,train,raw/plantdoc/train/Tomato leaf/tomato-vine-ripe-leaves-isolated-against-white-34863029.jpg,,,
TL-015,train,raw/plantdoc/train/Tomato leaf/003.JPG.jpg,,,
TL-016,train,raw/plantdoc/train/Tomato leaf/1686.jpg,,,
TL-017,train,raw/plantdoc/train/Tomato leaf/mortgage-lifter-yellow-leaves-2.jpg,,,
TL-018,train,raw/plantdoc/train/Tomato leaf/tomato-leaves-17427786.jpg,,,
TL-019,train,raw/plantdoc/train/Tomato leaf/tomato-leaves.jpg,,,
TL-020,train,raw/plantdoc/train/Tomato leaf/fpls-08-01602-g001.jpg,,,
TL-021,train,raw/plantdoc/train/Tomato leaf/20130609_151253_zpsc7d93f62.jpg,,,
TL-022,train,raw/plantdoc/train/Tomato leaf/PxWBE.jpg,,,
TL-023,train,raw/plantdoc/train/Tomato leaf/L.peruv-assort.jpg,,,
TL-024,train,raw/plantdoc/train/Tomato leaf/Leaves-of-Tomato.jpg,,,
TL-025,test,raw/plantdoc/test/Tomato leaf/90e2c0.jpg,,,
TL-026,train,raw/plantdoc/train/Tomato leaf/tomato-leaf-20728368.jpg,,,
TL-027,train,raw/plantdoc/train/Tomato leaf/stock-vector-set-of-vector-elements-for-your-design-red-ripe-tomatoes-with-water-drops-tomato-leaves-and-tomato-203297116.jpg,,,
TL-028,train,raw/plantdoc/train/Tomato leaf/20160428_080421.jpg,,,
TL-029,test,raw/plantdoc/test/Tomato leaf/2013-08-20-06.jpg,,,
TL-030,train,raw/plantdoc/train/Tomato leaf/depositphotos_7182856-stock-photo-tomato-leaf.jpg,,,
TL-031,test,raw/plantdoc/test/Tomato leaf/main-qimg-d9c2a93f60568485c989670d9bbf703b.jpg,,,
TL-032,test,raw/plantdoc/test/Tomato leaf/1684.jpg,,,
TL-033,train,raw/plantdoc/train/Tomato leaf/Fig-2.jpg,,,
TL-034,train,raw/plantdoc/train/Tomato leaf/100_8283.jpg,,,
TL-035,train,raw/plantdoc/train/Tomato leaf/IMG_2061.JPG.jpg,,,
TL-036,train,raw/plantdoc/train/Tomato leaf/curling-issues.jpg,,,
TL-037,train,raw/plantdoc/train/Tomato leaf/single-a-green-leaf-of-tomato-picture-id496662675_k=6&m=496662675&s=612x612&w=0&h=6zKfv022H_9cLQSIR_kpcOAlTeg1eIVtLBbc80PQA7Y=.jpg,,,
TL-038,train,raw/plantdoc/train/Tomato leaf/flies.jpg,,,
TL-039,train,raw/plantdoc/train/Tomato leaf/depositphotos_143371585-stock-photo-tomato-leaf-closeup-isolated-on.jpg,,,
TL-040,train,raw/plantdoc/train/Tomato leaf/2013-08-20-03.jpg,,,
TL-041,train,raw/plantdoc/train/Tomato leaf/stock-photo-tomato-leaves-close-up-macro-shot-isolated-on-white-background-78796204.jpg,,,
TL-042,train,raw/plantdoc/train/Tomato leaf/p1011399.jpg,,,
TL-043,train,raw/plantdoc/train/Tomato leaf/009-e1373768789869.jpg,,,
TL-044,train,raw/plantdoc/train/Tomato leaf/tomato-leaves-9025906.jpg,,,
TL-045,train,raw/plantdoc/train/Tomato leaf/russian-2-319-dt-2010-leaves-high-tunnel-9-29-2014-c.jpg,,,
TL-046,train,raw/plantdoc/train/Tomato leaf/tomato-leaf-6291945.jpg,,,
TL-047,train,raw/plantdoc/train/Tomato leaf/tomato-leaf-6424287.jpg,,,
TL-048,train,raw/plantdoc/train/Tomato leaf/depositphotos_120361722-stock-photo-tomato-leaf-closeup.jpg,,,
TL-049,train,raw/plantdoc/train/Tomato leaf/Bacterial-leaf-spot-transplants1.jpg,,,
TL-050,train,raw/plantdoc/train/Tomato leaf/15481477375.jpg,,,
TL-051,train,raw/plantdoc/train/Tomato leaf/tomato-leaf.jpg,,,
TL-052,train,raw/plantdoc/train/Tomato leaf/1688.jpg,,,
TL-053,train,raw/plantdoc/train/Tomato leaf/2013-08-20-04.jpg,,,
TL-054,train,raw/plantdoc/train/Tomato leaf/20140818-tomato-sauce-vicky-wasik-1.jpg,,,
TL-055,train,raw/plantdoc/train/Tomato leaf/CTG514794.jpg,,,
TL-056,train,raw/plantdoc/train/Tomato leaf/img_1028.jpg,,,
TL-057,train,raw/plantdoc/train/Tomato leaf/stock-photo-leaves-of-tomato-plant-isolated-on-white-12085288.jpg,,,
TL-058,train,raw/plantdoc/train/Tomato leaf/tomato-leaf-isolated-white-34309524.jpg,,,
TL-059,train,raw/plantdoc/train/Tomato leaf/tomato-leaf-26180166.jpg,,,
TL-060,train,raw/plantdoc/train/Tomato leaf/img_6635.jpg,,,
TL-061,train,raw/plantdoc/train/Tomato leaf/Tomato%2Bleaf.jpg,,,
TL-062,test,raw/plantdoc/test/Tomato leaf/DSCN1015.JPG.jpg,,,
TL-063,train,raw/plantdoc/train/Tomato leaf/tomato-leaf-close-up.jpg,,,
